CVE_ID,PublishTime,ModifyTime,Report,CVSSV3,AttackVector,AttackComplexity,PrivilegesRequired,UserInteraction,Scope,ConfidentialityImpact,IntegrityImpact,AvailabilityImpact
CVE-2009-0034,2009-01-30T19:30Z,2024-11-21T00:58Z,"parse.c in sudo 1.6.9p17 through 1.6.9p19 does not properly interpret a system group (aka %group) in the sudoers file during authorization decisions for a user who belongs to that group, which allows local users to leverage an applicable sudoers file and gain root privileges via a sudo command.",7.8,LOCAL,LOW,LOW,NONE,UNCHANGED,HIGH,HIGH,HIGH
CVE-2009-0035,2019-11-09T03:15Z,2024-11-21T00:58Z,alsa-utils 1.0.19 and later versions allows local users to overwrite arbitrary files via a symlink attack via the /usr/bin/alsa-info and /usr/bin/alsa-info.sh scripts.,5.5,LOCAL,LOW,LOW,NONE,UNCHANGED,NONE,HIGH,NONE
CVE-2009-0115,2009-03-30T16:30Z,2024-11-21T00:59Z,"The Device Mapper multipathing driver (aka multipath-tools or device-mapper-multipath) 0.4.8, as used in SUSE openSUSE, SUSE Linux Enterprise Server (SLES), Fedora, and possibly other operating systems, uses world-writable permissions for the socket file (aka /var/run/multipathd.sock), which allows local users to send arbitrary commands to the multipath daemon.",7.8,LOCAL,LOW,LOW,NONE,UNCHANGED,HIGH,HIGH,HIGH
CVE-2009-0141,2009-02-13T00:30Z,2024-11-21T00:59Z,"XTerm in Apple Mac OS X 10.4.11 and 10.5.6, when used with luit, creates tty devices with insecure world-writable permissions, which allows local users to write to the Xterm of another user.",5.5,LOCAL,LOW,LOW,NONE,UNCHANGED,NONE,HIGH,NONE
CVE-2009-0152,2009-05-13T15:30Z,2024-11-21T00:59Z,"iChat in Apple Mac OS X 10.5 before 10.5.7 disables SSL for AOL Instant Messenger (AIM) communication in certain circumstances that are inconsistent with the Require SSL setting, which allows remote attackers to obtain sensitive information by sniffing the network.",7.5,NETWORK,LOW,NONE,NONE,UNCHANGED,HIGH,NONE,NONE
CVE-2009-0182,2009-01-20T16:30Z,2024-11-21T00:59Z,"Buffer overflow in VUPlayer 2.49 and earlier allows user-assisted attackers to execute arbitrary code via a long URL in a File line in a .pls file, as demonstrated by an http URL on a File1 line.",8.8,NETWORK,LOW,NONE,REQUIRED,UNCHANGED,HIGH,HIGH,HIGH
CVE-2009-0231,2009-07-15T15:30Z,2024-11-21T00:59Z,"The Embedded OpenType (EOT) Font Engine (T2EMBED.DLL) in Microsoft Windows 2000 SP4, XP SP2 and SP3, Server 2003 SP2, Vista Gold, SP1, and SP2, and Server 2008 Gold and SP2 allows remote attackers to execute arbitrary code via a crafted name table in a data record that triggers an integer truncation and a heap-based buffer overflow, aka ""Embedded OpenType Font Heap Overflow Vulnerability.""",8.8,NETWORK,LOW,NONE,REQUIRED,UNCHANGED,HIGH,HIGH,HIGH
CVE-2009-0244,2009-01-21T20:30Z,2024-11-21T00:59Z,"Directory traversal vulnerability in the OBEX FTP Service in the Microsoft Bluetooth stack in Windows Mobile 6 Professional, and probably Windows Mobile 5.0 for Pocket PC and 5.0 for Pocket PC Phone Edition, allows remote authenticated users to list arbitrary directories, and create or read arbitrary files, via a .. (dot dot) in a pathname.  NOTE: this can be leveraged for code execution by writing to a Startup folder.",8.8,NETWORK,LOW,LOW,NONE,UNCHANGED,HIGH,HIGH,HIGH
CVE-2009-0255,2009-01-22T23:30Z,2024-11-21T00:59Z,"The System extension Install tool in TYPO3 4.0.0 through 4.0.9, 4.1.0 through 4.1.7, and 4.2.0 through 4.2.3 creates the encryption key with an insufficiently random seed, which makes it easier for attackers to crack the key.",7.5,NETWORK,LOW,NONE,NONE,UNCHANGED,HIGH,NONE,NONE
CVE-2009-0265,2009-01-26T15:30Z,2024-11-21T00:59Z,"Internet Systems Consortium (ISC) BIND 9.6.0 and earlier does not properly check the return value from the OpenSSL EVP_VerifyFinal function, which allows remote attackers to bypass validation of the certificate chain via a malformed SSL/TLS signature, a similar vulnerability to CVE-2008-5077 and CVE-2009-0025.",7.5,NETWORK,LOW,NONE,NONE,UNCHANGED,HIGH,NONE,NONE
CVE-2009-0557,2009-06-10T18:30Z,2024-12-19T18:03Z,"Excel in Microsoft Office 2000 SP3, Office XP SP3, Office 2003 SP3, and Office 2004 and 2008 for Mac; Excel in 2007 Microsoft Office System SP1 and SP2; Open XML File Format Converter for Mac; Microsoft Office Excel Viewer 2003 SP3; Microsoft Office Excel Viewer; and Microsoft Office Compatibility Pack for Word, Excel, and PowerPoint 2007 File Formats SP1 and SP2 allow remote attackers to execute arbitrary code via a crafted Excel file with a malformed record object, aka ""Object Record Corruption Vulnerability.""",7.8,LOCAL,LOW,NONE,REQUIRED,UNCHANGED,HIGH,HIGH,HIGH
CVE-2009-0563,2009-06-10T18:00Z,2024-12-19T18:03Z,"Stack-based buffer overflow in Microsoft Office Word 2002 SP3, 2003 SP3, and 2007 SP1 and SP2; Microsoft Office for Mac 2004 and 2008; Open XML File Format Converter for Mac; Microsoft Office Word Viewer 2003 SP3; Microsoft Office Word Viewer; and Microsoft Office Compatibility Pack for Word, Excel, and PowerPoint 2007 File Formats SP1 and SP2 allows remote attackers to execute arbitrary code via a Word document with a crafted tag containing an invalid length field, aka ""Word Buffer Overflow Vulnerability.""",7.8,LOCAL,LOW,NONE,REQUIRED,UNCHANGED,HIGH,HIGH,HIGH
CVE-2009-0658,2009-02-20T19:30Z,2024-11-21T01:00Z,"Buffer overflow in Adobe Reader 9.0 and earlier, and Acrobat 9.0 and earlier, allows remote attackers to execute arbitrary code via a crafted PDF document, related to a non-JavaScript function call and possibly an embedded JBIG2 image stream, as exploited in the wild in February 2009 by Trojan.Pidief.E.",7.8,LOCAL,LOW,NONE,REQUIRED,UNCHANGED,HIGH,HIGH,HIGH
CVE-2009-0749,2009-03-02T20:30Z,2024-11-21T01:00Z,"Use-after-free vulnerability in the GIFReadNextExtension function in lib/pngxtern/gif/gifread.c in OptiPNG 0.6.2 and earlier allows context-dependent attackers to cause a denial of service (application crash) via a crafted GIF image that causes the realloc function to return a new pointer, which triggers memory corruption when the old pointer is accessed.",7.8,LOCAL,LOW,NONE,REQUIRED,UNCHANGED,HIGH,HIGH,HIGH
CVE-2009-0783,2009-06-05T16:00Z,2024-11-21T01:00Z,"Apache Tomcat 4.1.0 through 4.1.39, 5.5.0 through 5.5.27, and 6.0.0 through 6.0.18 permits web applications to replace an XML parser used for other web applications, which allows local users to read or modify the (1) web.xml, (2) context.xml, or (3) tld files of arbitrary web applications via a crafted application that is loaded earlier than the target application.",4.2,LOCAL,LOW,HIGH,NONE,UNCHANGED,LOW,LOW,LOW
CVE-2009-0935,2009-03-18T02:00Z,2024-11-21T01:01Z,"The inotify_read function in the Linux kernel 2.6.27 to 2.6.27.13, 2.6.28 to 2.6.28.2, and 2.6.29-rc3 allows local users to cause a denial of service (OOPS) via a read with an invalid address to an inotify instance, which causes the device's event list mutex to be unlocked twice and prevents proper synchronization of a data structure for the inotify instance.",5.5,LOCAL,LOW,LOW,NONE,UNCHANGED,NONE,NONE,HIGH
CVE-2009-0947,2021-06-02T16:15Z,2024-11-21T01:01Z,Multiple integer overflows in the (1) cdf_read_property_info and (2) cdf_read_sat functions in file before 5.02.,9.8,NETWORK,LOW,NONE,NONE,UNCHANGED,HIGH,HIGH,HIGH
CVE-2009-0948,2021-06-02T16:15Z,2024-11-21T01:01Z,"Multiple buffer overflows in the (1) cdf_read_sat, (2) cdf_read_long_sector_chain, and (3) cdf_read_ssat function in file before 5.02.",9.8,NETWORK,LOW,NONE,NONE,UNCHANGED,HIGH,HIGH,HIGH
CVE-2009-0949,2009-06-09T17:30Z,2024-11-21T01:01Z,"The ippReadIO function in cups/ipp.c in cupsd in CUPS before 1.3.10 does not properly initialize memory for IPP request packets, which allows remote attackers to cause a denial of service (NULL pointer dereference and daemon crash) via a scheduler request with two consecutive IPP_TAG_UNSUPPORTED tags.",7.5,NETWORK,LOW,NONE,NONE,UNCHANGED,NONE,NONE,HIGH
CVE-2009-0964,2009-03-19T10:30Z,2024-11-21T01:01Z,"UserView_list.php in PHPRunner 4.2, and possibly earlier, stores passwords in cleartext in the database, which allows attackers to gain privileges.  NOTE: this can be leveraged with a separate SQL injection vulnerability to obtain passwords remotely without authentication.",7.5,NETWORK,LOW,NONE,NONE,UNCHANGED,HIGH,NONE,NONE
CVE-2009-10001,2023-01-13T18:15Z,2024-11-21T01:01Z,A vulnerability classified as problematic was found in jianlinwei cool-php-captcha up to 0.2. This vulnerability affects unknown code of the file example-form.php. The manipulation of the argument captcha with the input %3Cscript%3Ealert(1)%3C/script%3E leads to cross site scripting. The attack can be initiated remotely. The exploit has been disclosed to the public and may be used. Upgrading to version 0.3 is able to address this issue. The name of the patch is c84fb6b153bebaf228feee0cbf50728d27ae3f80. It is recommended to upgrade the affected component. The identifier of this vulnerability is VDB-218296.,6.1,NETWORK,LOW,NONE,REQUIRED,CHANGED,LOW,LOW,NONE
CVE-2009-10002,2023-01-13T18:15Z,2024-11-21T01:01Z,"A vulnerability, which was classified as problematic, has been found in dpup fittr-flickr. This issue affects some unknown processing of the file fittr-flickr/features/easy-exif.js of the component EXIF Preview Handler. The manipulation leads to cross site scripting. The attack may be initiated remotely. The identifier of the patch is 08875dd8a2e5d0d16568bb0d67cb4328062fccde. It is recommended to apply a patch to fix this issue. The identifier VDB-218297 was assigned to this vulnerability.",6.1,NETWORK,LOW,NONE,REQUIRED,CHANGED,LOW,LOW,NONE
CVE-2009-10003,2023-01-29T19:15Z,2024-11-21T01:01Z,A vulnerability was found in capnsquarepants wordcraft up to 0.6. It has been classified as problematic. Affected is an unknown function of the file tag.php. The manipulation of the argument tag leads to cross site scripting. It is possible to launch the attack remotely. Upgrading to version 0.7 is able to address this issue. The patch is identified as be23028633e8105de92f387036871c03f34d3124. It is recommended to upgrade the affected component. VDB-219714 is the identifier assigned to this vulnerability.,6.1,NETWORK,LOW,NONE,REQUIRED,CHANGED,LOW,LOW,NONE
CVE-2009-10004,2023-04-10T00:15Z,2024-11-21T01:01Z,A vulnerability was found in Turante Sandbox Theme up to 1.5.2. It has been classified as problematic. This affects the function sandbox_body_class of the file functions.php. The manipulation of the argument page leads to cross site scripting. It is possible to initiate the attack remotely. Upgrading to version 1.6.1 is able to address this issue. The identifier of the patch is 8045b1e10970342f558b2c5f360e0bd135af2b10. It is recommended to upgrade the affected component. The identifier VDB-225357 was assigned to this vulnerability.,6.1,NETWORK,LOW,NONE,REQUIRED,CHANGED,LOW,LOW,NONE
CVE-2009-1048,2009-08-14T15:16Z,2024-11-21T01:01Z,"The web interface on the snom VoIP phones snom 300, snom 320, snom 360, snom 370, and snom 820 with firmware 6.5 before 6.5.20, 7.1 before 7.1.39, and 7.3 before 7.3.14 allows remote attackers to bypass authentication, and reconfigure the phone or make arbitrary use of the phone, via a (1) http or (2) https request with 127.0.0.1 in the Host header.",9.8,NETWORK,LOW,NONE,NONE,UNCHANGED,HIGH,HIGH,HIGH
CVE-2009-1073,2009-03-31T18:24Z,2024-11-21T01:01Z,"nss-ldapd before 0.6.8 uses world-readable permissions for the /etc/nss-ldapd.conf file, which allows local users to obtain a cleartext password for the LDAP server by reading the bindpw field.",5.5,LOCAL,LOW,LOW,NONE,UNCHANGED,HIGH,NONE,NONE
CVE-2009-1120,2020-01-15T18:15Z,2024-11-21T01:01Z,EMC RepliStor Server Service before ESA-09-003 has a DoASOCommand Remote Code Execution Vulnerability. The flaw exists within the DoRcvRpcCall RPC function -exposed via the rep_srv.exe process- where the vulnerability is caused by an error when the rep_srv.exe handles a specially crafted packet sent by an unauthenticated attacker.,9.8,NETWORK,LOW,NONE,NONE,UNCHANGED,HIGH,HIGH,HIGH
CVE-2009-1123,2009-06-10T18:30Z,2024-12-19T18:05Z,"The kernel in Microsoft Windows 2000 SP4, XP SP2 and SP3, Server 2003 SP2, Vista Gold, SP1, and SP2, and Server 2008 SP2 does not properly validate changes to unspecified kernel objects, which allows local users to gain privileges via a crafted application, aka ""Windows Kernel Desktop Vulnerability.""",7.8,LOCAL,LOW,NONE,REQUIRED,UNCHANGED,HIGH,HIGH,HIGH
CVE-2009-1142,2022-11-23T18:15Z,2024-11-21T01:01Z,An issue was discovered in open-vm-tools 2009.03.18-154848. Local users can gain privileges via a symlink attack on /tmp files if vmware-user-suid-wrapper is setuid root and the ChmodChownDirectory function is enabled.,6.7,LOCAL,LOW,HIGH,NONE,UNCHANGED,HIGH,HIGH,HIGH
CVE-2009-1143,2022-11-23T18:15Z,2024-11-21T01:01Z,An issue was discovered in open-vm-tools 2009.03.18-154848. Local users can bypass intended access restrictions on mounting shares via a symlink attack that leverages a realpath race condition in mount.vmhgfs (aka hgfsmounter).,7.0,LOCAL,HIGH,LOW,NONE,UNCHANGED,HIGH,HIGH,HIGH
CVE-2009-1151,2009-03-26T14:30Z,2024-12-19T17:45Z,Static code injection vulnerability in setup.php in phpMyAdmin 2.11.x before 2.11.9.5 and 3.x before 3.1.3.1 allows remote attackers to inject arbitrary PHP code into a configuration file via the save action.,9.8,NETWORK,LOW,NONE,NONE,UNCHANGED,HIGH,HIGH,HIGH
CVE-2009-1197,2017-10-30T16:29Z,2024-11-21T01:01Z,Apache jUDDI before 2.0 allows attackers to spoof entries in log files via vectors related to error logging of keys from uddiget.jsp.,5.3,NETWORK,LOW,NONE,NONE,UNCHANGED,NONE,LOW,NONE
CVE-2009-1198,2017-10-30T16:29Z,2024-11-21T01:01Z,Cross-site scripting (XSS) vulnerability in Apache jUDDI before 2.0 allows remote attackers to inject arbitrary web script or HTML via the dsname parameter to happyjuddi.jsp.,6.1,NETWORK,LOW,NONE,REQUIRED,CHANGED,LOW,LOW,NONE
CVE-2009-1243,2009-04-06T14:30Z,2024-11-21T01:01Z,"net/ipv4/udp.c in the Linux kernel before 2.6.29.1 performs an unlocking step in certain incorrect circumstances, which allows local users to cause a denial of service (panic) by reading zero bytes from the /proc/net/udp file and unspecified other files, related to the ""udp seq_file infrastructure.""",5.5,LOCAL,LOW,LOW,NONE,UNCHANGED,NONE,NONE,HIGH
CVE-2009-1388,2009-07-05T16:30Z,2024-11-21T01:02Z,"The ptrace_start function in kernel/ptrace.c in the Linux kernel 2.6.18 does not properly handle simultaneous execution of the do_coredump function, which allows local users to cause a denial of service (deadlock) via vectors involving the ptrace system call and a coredumping thread.",5.5,LOCAL,LOW,LOW,NONE,UNCHANGED,NONE,NONE,HIGH
CVE-2009-1466,2009-05-14T17:30Z,2024-11-21T01:02Z,"Application Access Server (A-A-S) 2.0.48 stores (1) passwords and (2) the port keyword in cleartext in aas.ini, which allows local users to obtain sensitive information by reading this file.",5.5,LOCAL,LOW,LOW,NONE,UNCHANGED,HIGH,NONE,NONE
CVE-2009-1596,2009-05-11T14:30Z,2024-11-21T01:02Z,"Ignite Realtime Openfire before 3.6.5 does not properly implement the register.password (aka canChangePassword) console configuration setting, which allows remote authenticated users to bypass intended policy and change their own passwords via a passwd_change IQ packet.",6.5,NETWORK,LOW,LOW,NONE,UNCHANGED,NONE,HIGH,NONE
CVE-2009-1603,2009-05-11T16:30Z,2024-11-21T01:02Z,"src/tools/pkcs11-tool.c in pkcs11-tool in OpenSC 0.11.7, when used with unspecified third-party PKCS#11 modules, generates RSA keys with incorrect public exponents, which allows attackers to read the cleartext form of messages that were intended to be encrypted.",7.5,NETWORK,LOW,NONE,NONE,UNCHANGED,HIGH,NONE,NONE
CVE-2009-1699,2009-06-10T18:00Z,2024-11-21T01:03Z,"The XSL stylesheet implementation in WebKit in Apple Safari before 4.0, iPhone OS 1.0 through 2.2.1, and iPhone OS for iPod touch 1.1 through 2.2.1 does not properly handle XML external entities, which allows remote attackers to read arbitrary files via a crafted DTD, as demonstrated by a file:///etc/passwd URL in an entity declaration, related to an ""XXE attack.""",7.5,NETWORK,LOW,NONE,NONE,UNCHANGED,HIGH,NONE,NONE
CVE-2009-1837,2009-06-12T21:30Z,2024-11-21T01:03Z,"Race condition in the NPObjWrapper_NewResolve function in modules/plugin/base/src/nsJSNPRuntime.cpp in xul.dll in Mozilla Firefox 3 before 3.0.11 might allow remote attackers to execute arbitrary code via a page transition during Java applet loading, related to a use-after-free vulnerability for memory associated with a destroyed Java object.",7.5,NETWORK,HIGH,NONE,REQUIRED,UNCHANGED,HIGH,HIGH,HIGH
CVE-2009-1862,2009-07-23T20:30Z,2024-12-19T18:05Z,"Unspecified vulnerability in Adobe Reader and Acrobat 9.x through 9.1.2, and Adobe Flash Player 9.x through 9.0.159.0 and 10.x through 10.0.22.87, allows remote attackers to execute arbitrary code or cause a denial of service (memory corruption) via (1) a crafted Flash application in a .pdf file or (2) a crafted .swf file, related to authplay.dll, as exploited in the wild in July 2009.",7.8,LOCAL,LOW,NONE,REQUIRED,UNCHANGED,HIGH,HIGH,HIGH
CVE-2009-1936,2009-06-05T18:30Z,2024-11-21T01:03Z,"_functions.php in cpCommerce 1.2.x, possibly including 1.2.9, sends a redirect but does not exit when it is called directly, which allows remote attackers to bypass a protection mechanism to conduct remote file inclusion and directory traversal attacks, execute arbitrary PHP code, or read arbitrary files via the GLOBALS[prefix] parameter, a different vector than CVE-2003-1500.",9.8,NETWORK,LOW,NONE,NONE,UNCHANGED,HIGH,HIGH,HIGH
CVE-2009-1955,2009-06-08T01:00Z,2024-11-21T01:03Z,"The expat XML parser in the apr_xml_* interface in xml/apr_xml.c in Apache APR-util before 1.3.7, as used in the mod_dav and mod_dav_svn modules in the Apache HTTP Server, allows remote attackers to cause a denial of service (memory consumption) via a crafted XML document containing a large number of nested entity references, as demonstrated by a PROPFIND request, a similar issue to CVE-2003-1564.",7.5,NETWORK,LOW,NONE,NONE,UNCHANGED,NONE,NONE,HIGH
CVE-2009-1961,2009-06-08T01:00Z,2024-11-21T01:03Z,"The inode double locking code in fs/ocfs2/file.c in the Linux kernel 2.6.30 before 2.6.30-rc3, 2.6.27 before 2.6.27.24, 2.6.29 before 2.6.29.4, and possibly other versions down to 2.6.19 allows local users to cause a denial of service (prevention of file creation and removal) via a series of splice system calls that trigger a deadlock between the generic_file_splice_write, splice_from_pipe, and ocfs2_file_splice_write functions.",4.7,LOCAL,HIGH,LOW,NONE,UNCHANGED,NONE,NONE,HIGH
CVE-2009-20001,2021-03-07T20:15Z,2024-11-21T01:03Z,"An issue was discovered in MantisBT before 2.24.5. It associates a unique cookie string with each user. This string is not reset upon logout (i.e., the user session is still considered valid and active), allowing an attacker who somehow gained access to a user's cookie to login as them.",8.1,NETWORK,LOW,LOW,NONE,UNCHANGED,HIGH,HIGH,NONE
CVE-2009-2158,2009-06-22T19:30Z,2024-11-21T01:04Z,"account-recover.php in TorrentTrader Classic 1.09 chooses random passwords from an insufficiently large set, which makes it easier for remote attackers to obtain a password via a brute-force attack.",7.5,NETWORK,LOW,NONE,NONE,UNCHANGED,HIGH,NONE,NONE
CVE-2009-2168,2009-06-22T20:30Z,2024-11-21T01:04Z,"cpanel/login.php in EgyPlus 7ammel (aka 7ml) 1.0.1 and earlier sends a redirect to the web browser but does not exit when the supplied credentials are incorrect, which allows remote attackers to bypass authentication by providing arbitrary username and password parameters.",9.8,NETWORK,LOW,NONE,NONE,UNCHANGED,HIGH,HIGH,HIGH
CVE-2009-2197,2016-03-24T01:59Z,2024-11-21T01:04Z,"Apple Safari before 9.1 allows remote attackers to spoof the user interface via a web page that places text in a crafted context, leading to unintended use of that text within a Safari dialog.",4.3,NETWORK,LOW,NONE,REQUIRED,UNCHANGED,NONE,LOW,NONE
CVE-2009-2213,2009-06-25T23:14Z,2024-11-21T01:04Z,"The default configuration of the Security global settings on the Citrix NetScaler Access Gateway appliance with Enterprise Edition firmware 9.0, 8.1, and earlier specifies Allow for the Default Authorization Action option, which might allow remote authenticated users to bypass intended access restrictions.",6.5,NETWORK,LOW,LOW,NONE,UNCHANGED,HIGH,NONE,NONE
CVE-2009-2272,2009-07-01T13:00Z,2024-11-21T01:04Z,"The Huawei D100 stores the administrator's account name and password in cleartext in a cookie, which allows context-dependent attackers to obtain sensitive information by (1) reading a cookie file, by (2) sniffing the network for HTTP headers, and possibly by using unspecified other vectors.",7.5,NETWORK,LOW,NONE,NONE,UNCHANGED,HIGH,NONE,NONE
CVE-2009-2367,2009-07-08T15:30Z,2024-11-21T01:04Z,"cgi-bin/makecgi-pro in Iomega StorCenter Pro generates predictable session IDs, which allows remote attackers to hijack active sessions and gain privileges via brute force guessing attacks on the session_id parameter.",9.8,NETWORK,LOW,NONE,NONE,UNCHANGED,HIGH,HIGH,HIGH
CVE-2009-2382,2009-07-08T15:30Z,2024-11-21T01:04Z,admin.php in phpMyBlockchecker 1.0.0055 allows remote attackers to bypass authentication and gain administrative access by setting the PHPMYBCAdmin cookie to LOGGEDIN.,9.8,NETWORK,LOW,NONE,NONE,UNCHANGED,HIGH,HIGH,HIGH
CVE-2009-2408,2009-07-30T19:30Z,2024-11-21T01:04Z,"Mozilla Network Security Services (NSS) before 3.12.3, Firefox before 3.0.13, Thunderbird before 2.0.0.23, and SeaMonkey before 1.1.18 do not properly handle a '\0' character in a domain name in the subject's Common Name (CN) field of an X.509 certificate, which allows man-in-the-middle attackers to spoof arbitrary SSL servers via a crafted certificate issued by a legitimate Certification Authority. NOTE: this was originally reported for Firefox before 3.5.",5.9,NETWORK,HIGH,NONE,NONE,UNCHANGED,NONE,HIGH,NONE
CVE-2009-2416,2009-08-11T18:30Z,2024-11-21T01:04Z,"Multiple use-after-free vulnerabilities in libxml2 2.5.10, 2.6.16, 2.6.26, 2.6.27, and 2.6.32, and libxml 1.8.17, allow context-dependent attackers to cause a denial of service (application crash) via crafted (1) Notation or (2) Enumeration attribute types in an XML file, as demonstrated by the Codenomicon XML fuzzing framework.",6.5,NETWORK,LOW,NONE,REQUIRED,UNCHANGED,NONE,NONE,HIGH
CVE-2009-2422,2009-07-10T15:30Z,2024-11-21T01:04Z,"The example code for the digest authentication functionality (http_authentication.rb) in Ruby on Rails before 2.3.3 defines an authenticate_or_request_with_http_digest block that returns nil instead of false when the user does not exist, which allows context-dependent attackers to bypass authentication for applications that are derived from this example by sending an invalid username without a password.",9.8,NETWORK,LOW,NONE,NONE,UNCHANGED,HIGH,HIGH,HIGH
CVE-2009-2692,2009-08-14T15:16Z,2024-11-21T01:05Z,"The Linux kernel 2.6.0 through 2.6.30.4, and 2.4.4 through 2.4.37.4, does not initialize all function pointers for socket operations in proto_ops structures, which allows local users to trigger a NULL pointer dereference and gain privileges by using mmap to map page zero, placing arbitrary code on this page, and then invoking an unavailable operation, as demonstrated by the sendpage operation (sock_sendpage function) on a PF_PPPOX socket.",7.8,LOCAL,LOW,LOW,NONE,UNCHANGED,HIGH,HIGH,HIGH
CVE-2009-2698,2009-08-27T17:30Z,2024-11-21T01:05Z,The udp_sendmsg function in the UDP implementation in (1) net/ipv4/udp.c and (2) net/ipv6/udp.c in the Linux kernel before 2.6.19 allows local users to gain privileges or cause a denial of service (NULL pointer dereference and system crash) via vectors involving the MSG_MORE flag and a UDP socket.,7.8,LOCAL,LOW,LOW,NONE,UNCHANGED,HIGH,HIGH,HIGH
CVE-2009-2699,2009-10-13T10:30Z,2024-11-21T01:05Z,"The Solaris pollset feature in the Event Port backend in poll/unix/port.c in the Apache Portable Runtime (APR) library before 1.3.9, as used in the Apache HTTP Server before 2.2.14 and other products, does not properly handle errors, which allows remote attackers to cause a denial of service (daemon hang) via unspecified HTTP requests, related to the prefork and event MPMs.",7.5,NETWORK,LOW,NONE,NONE,UNCHANGED,NONE,NONE,HIGH
CVE-2009-2768,2009-08-14T15:16Z,2024-11-21T01:05Z,"The load_flat_shared_library function in fs/binfmt_flat.c in the flat subsystem in the Linux kernel before 2.6.31-rc6 allows local users to cause a denial of service (NULL pointer dereference and system crash) or possibly have unspecified other impact by executing a shared flat binary, which triggers an access of an ""uninitialized cred pointer.""",7.8,LOCAL,LOW,LOW,NONE,UNCHANGED,HIGH,HIGH,HIGH
CVE-2009-2802,2019-11-09T03:15Z,2024-11-21T01:05Z,MantisBT 1.2.x before 1.2.2 insecurely handles attachments and MIME types. Arbitrary inline attachment rendering could lead to cross-domain scripting or other browser attacks.,6.1,NETWORK,LOW,NONE,REQUIRED,CHANGED,LOW,LOW,NONE
CVE-2009-2857,2009-08-19T17:30Z,2024-11-21T01:05Z,"The kernel in Sun Solaris 8, 9, and 10, and OpenSolaris before snv_103, does not properly handle interaction between the filesystem and virtual-memory implementations, which allows local users to cause a denial of service (deadlock and system halt) via vectors involving mmap and write operations on the same file.",5.5,LOCAL,LOW,LOW,NONE,UNCHANGED,NONE,NONE,HIGH
CVE-2009-3022,2009-08-31T20:30Z,2024-11-21T01:06Z,Cross-site request forgery (CSRF) vulnerability in bingo!CMS 1.2 and earlier allows remote attackers to hijack the authentication of other users for requests that modify configuration or change content via unspecified vectors.,6.5,NETWORK,LOW,NONE,REQUIRED,UNCHANGED,NONE,HIGH,NONE
CVE-2009-3046,2009-09-02T17:30Z,2024-11-21T01:06Z,"Opera before 10.00 does not check all intermediate X.509 certificates for revocation, which makes it easier for remote SSL servers to bypass validation of the certificate chain via a revoked certificate.",7.5,NETWORK,LOW,NONE,NONE,UNCHANGED,NONE,HIGH,NONE
CVE-2009-3129,2009-11-11T19:30Z,2024-12-19T18:06Z,"Microsoft Office Excel 2002 SP3, 2003 SP3, and 2007 SP1 and SP2; Office 2004 and 2008 for Mac; Open XML File Format Converter for Mac; Office Excel Viewer 2003 SP3; Office Excel Viewer SP1 and SP2; and Office Compatibility Pack for Word, Excel, and PowerPoint 2007 File Formats SP1 and SP2 allows remote attackers to execute arbitrary code via a spreadsheet with a FEATHEADER record containing an invalid cbHdrData size element that affects a pointer offset, aka ""Excel Featheader Record Memory Corruption Vulnerability.""",7.8,LOCAL,LOW,NONE,REQUIRED,UNCHANGED,HIGH,HIGH,HIGH
CVE-2009-3238,2009-09-18T10:30Z,2024-11-21T01:06Z,"The get_random_int function in drivers/char/random.c in the Linux kernel before 2.6.30 produces insufficiently random numbers, which allows attackers to predict the return value, and possibly defeat protection mechanisms based on randomization, via vectors that leverage the function's tendency to ""return the same value over and over again for long stretches of time.""",5.5,LOCAL,LOW,LOW,NONE,UNCHANGED,HIGH,NONE,NONE
CVE-2009-3278,2009-09-21T19:30Z,2024-11-21T01:06Z,"The QNAP TS-239 Pro and TS-639 Pro with firmware 2.1.7 0613, 3.1.0 0627, and 3.1.1 0815 use the rand library function to generate a certain recovery key, which makes it easier for local users to determine this key via a brute-force attack.",5.5,LOCAL,LOW,LOW,NONE,UNCHANGED,HIGH,NONE,NONE
CVE-2009-3289,2009-09-22T10:30Z,2024-11-21T01:06Z,"The g_file_copy function in glib 2.0 sets the permissions of a target file to the permissions of a symbolic link (777), which allows user-assisted local users to modify files of other users, as demonstrated by using Nautilus to modify the permissions of the user home directory.",7.8,LOCAL,LOW,LOW,NONE,UNCHANGED,HIGH,HIGH,HIGH
CVE-2009-3421,2009-09-25T22:30Z,2024-11-21T01:07Z,"login.php in Zenas PaoBacheca Guestbook 2.1, when register_globals is enabled, allows remote attackers to bypass authentication and gain administrative access by setting the login_ok parameter to 1.",9.8,NETWORK,LOW,NONE,NONE,UNCHANGED,HIGH,HIGH,HIGH
CVE-2009-3482,2009-09-30T15:30Z,2024-11-21T01:07Z,"TrustPort Antivirus before 2.8.0.2266 and PC Security before 2.0.0.1291 use weak permissions (Everyone: Full Control) for files under %PROGRAMFILES%, which allows local users to gain privileges by replacing executables with Trojan horse programs.",7.8,LOCAL,LOW,LOW,NONE,UNCHANGED,HIGH,HIGH,HIGH
CVE-2009-3489,2009-09-30T15:30Z,2024-11-21T01:07Z,"Adobe Photoshop Elements 8.0 installs the Adobe Active File Monitor V8 service with an insecure security descriptor, which allows local users to (1) stop the service via the stop command, (2) execute arbitrary commands as SYSTEM by using the config command to modify the binPath variable, or (3) restart the service via the start command.",7.8,LOCAL,LOW,LOW,NONE,UNCHANGED,HIGH,HIGH,HIGH
CVE-2009-3520,2009-10-01T15:30Z,2024-11-21T01:07Z,"Cross-site request forgery (CSRF) vulnerability in the Your_account module in CMSphp 0.21 allows remote attackers to hijack the authentication of administrators for requests that change an administrator password via the pseudo, pwd, and uid parameters in an admin_info_user_verif action.",8.8,NETWORK,LOW,NONE,REQUIRED,UNCHANGED,HIGH,HIGH,HIGH
CVE-2009-3547,2009-11-04T15:30Z,2024-11-21T01:07Z,Multiple race conditions in fs/pipe.c in the Linux kernel before 2.6.32-rc6 allow local users to cause a denial of service (NULL pointer dereference and system crash) or gain privileges by attempting to open an anonymous pipe via a /proc/*/fd/ pathname.,7.0,LOCAL,HIGH,LOW,NONE,UNCHANGED,HIGH,HIGH,HIGH
CVE-2009-3552,2019-11-09T03:15Z,2024-11-21T01:07Z,"In RHEV-M VDC 2.2.0, it was found that the SSL certificate was not verified when using the client-side Red Hat Enterprise Virtualization Manager interface (a Windows Presentation Foundation (WPF) XAML browser application) to connect to the Red Hat Enterprise Virtualization Manager. An attacker on the local network could use this flaw to conduct a man-in-the-middle attack, tricking the user into thinking they are viewing the Red Hat Enterprise Virtualization Manager when the content is actually attacker-controlled, or modifying actions a user requested Red Hat Enterprise Virtualization Manager to perform.",3.1,ADJACENT_NETWORK,HIGH,NONE,NONE,UNCHANGED,NONE,LOW,NONE
CVE-2009-3553,2009-11-20T02:30Z,2024-11-21T01:07Z,"Use-after-free vulnerability in the abstract file-descriptor handling interface in the cupsdDoSelect function in scheduler/select.c in the scheduler in cupsd in CUPS 1.3.7 and 1.3.10 allows remote attackers to cause a denial of service (daemon crash or hang) via a client disconnection during listing of a large number of print jobs, related to improperly maintaining a reference count.  NOTE: some of these details are obtained from third party information.",7.5,NETWORK,LOW,NONE,NONE,UNCHANGED,NONE,NONE,HIGH
CVE-2009-3611,2009-10-26T16:30Z,2024-11-21T01:07Z,"common/snapshots.py in Back In Time (aka backintime) 0.9.26 changes certain permissions to 0777 before deleting the files in an old backup snapshot, which allows local users to obtain sensitive information by reading these files, or interfere with backup integrity by modifying files that are shared across snapshots.",7.1,LOCAL,LOW,LOW,NONE,UNCHANGED,HIGH,HIGH,NONE
CVE-2009-3614,2019-11-09T03:15Z,2024-11-21T01:07Z,liboping 1.3.2 allows users reading arbitrary files upon the local system.,3.3,LOCAL,LOW,LOW,NONE,UNCHANGED,LOW,NONE,NONE
CVE-2009-3616,2009-10-23T18:30Z,2024-11-21T01:07Z,"Multiple use-after-free vulnerabilities in vnc.c in the VNC server in QEMU 0.10.6 and earlier might allow guest OS users to execute arbitrary code on the host OS by establishing a connection from a VNC client and then (1) disconnecting during data transfer, (2) sending a message using incorrect integer data types, or (3) using the Fuzzy Screen Mode protocol, related to double free vulnerabilities.",9.9,NETWORK,LOW,LOW,NONE,CHANGED,HIGH,HIGH,HIGH
CVE-2009-3620,2009-10-22T16:00Z,2024-11-21T01:07Z,"The ATI Rage 128 (aka r128) driver in the Linux kernel before 2.6.31-git11 does not properly verify Concurrent Command Engine (CCE) state initialization, which allows local users to cause a denial of service (NULL pointer dereference and system crash) or possibly gain privileges via unspecified ioctl calls.",7.8,LOCAL,LOW,LOW,NONE,UNCHANGED,HIGH,HIGH,HIGH
CVE-2009-3621,2009-10-22T16:00Z,2024-11-21T01:07Z,"net/unix/af_unix.c in the Linux kernel 2.6.31.4 and earlier allows local users to cause a denial of service (system hang) by creating an abstract-namespace AF_UNIX listening socket, performing a shutdown operation on this socket, and then performing a series of connect operations to this socket.",5.5,LOCAL,LOW,LOW,NONE,UNCHANGED,NONE,NONE,HIGH
CVE-2009-3658,2009-10-09T14:30Z,2024-11-21T01:07Z,Use-after-free vulnerability in the Sb.SuperBuddy.1 ActiveX control (sb.dll) in America Online (AOL) 9.5.0.1 allows remote attackers to trigger memory corruption or possibly execute arbitrary code via a malformed argument to the SetSuperBuddy method.,8.8,NETWORK,LOW,NONE,REQUIRED,UNCHANGED,HIGH,HIGH,HIGH
CVE-2009-3721,2021-05-26T22:15Z,2024-11-21T01:08Z,"Multiple directory traversal and buffer overflow vulnerabilities were discovered in yTNEF, and in Evolution's TNEF parser that is derived from yTNEF. A crafted email could cause these applications to write data in arbitrary locations on the filesystem, crash, or potentially execute arbitrary code when decoding attachments.",7.8,LOCAL,LOW,NONE,REQUIRED,UNCHANGED,HIGH,HIGH,HIGH
CVE-2009-3723,2019-10-29T19:15Z,2024-11-21T01:08Z,asterisk allows calls on prohibited networks,7.5,NETWORK,LOW,NONE,NONE,UNCHANGED,NONE,HIGH,NONE
CVE-2009-3724,2020-01-15T21:15Z,2024-11-21T01:08Z,python-markdown2 before 1.0.1.14 has multiple cross-site scripting (XSS) issues.,6.1,NETWORK,LOW,NONE,REQUIRED,CHANGED,LOW,LOW,NONE
CVE-2009-3759,2009-10-22T17:30Z,2024-11-21T01:08Z,Multiple cross-site request forgery (CSRF) vulnerabilities in sample code in the XenServer Resource Kit in Citrix XenCenterWeb allow remote attackers to hijack the authentication of administrators for (1) requests that change the password via the username parameter to config/changepw.php or (2) stop a virtual machine via the stop_vmname parameter to hardstopvm.php.  NOTE: some of these details are obtained from third party information.,8.8,NETWORK,LOW,NONE,REQUIRED,UNCHANGED,HIGH,HIGH,HIGH
CVE-2009-3887,2019-10-29T19:15Z,2024-11-21T01:08Z,ytnef has directory traversal,9.8,NETWORK,LOW,NONE,NONE,UNCHANGED,HIGH,HIGH,HIGH
CVE-2009-3897,2009-11-24T17:30Z,2024-11-21T01:08Z,"Dovecot 1.2.x before 1.2.8 sets 0777 permissions during creation of certain directories at installation time, which allows local users to access arbitrary user accounts by replacing the auth socket, related to the parent directories of the base_dir directory, and possibly the base_dir directory itself.",5.5,LOCAL,LOW,LOW,NONE,UNCHANGED,HIGH,NONE,NONE
CVE-2009-3939,2009-11-16T19:30Z,2024-11-21T01:08Z,"The poll_mode_io file for the megaraid_sas driver in the Linux kernel 2.6.31.6 and earlier has world-writable permissions, which allows local users to change the I/O mode of the driver by modifying this file.",7.1,LOCAL,LOW,LOW,NONE,UNCHANGED,NONE,HIGH,HIGH
CVE-2009-3953,2010-01-13T19:30Z,2024-12-19T18:08Z,"The U3D implementation in Adobe Reader and Acrobat 9.x before 9.3, 8.x before 8.2 on Windows and Mac OS X, and 7.x before 7.1.4 allows remote attackers to execute arbitrary code via malformed U3D data in a PDF document, related to a CLODProgressiveMeshDeclaration ""array boundary issue,"" a different vulnerability than CVE-2009-2994.",8.8,NETWORK,LOW,NONE,REQUIRED,UNCHANGED,HIGH,HIGH,HIGH
CVE-2009-3960,2010-02-15T18:30Z,2024-12-19T18:09Z,"Unspecified vulnerability in BlazeDS 3.2 and earlier, as used in LiveCycle 8.0.1, 8.2.1, and 9.0, LiveCycle Data Services 2.5.1, 2.6.1, and 3.0, Flex Data Services 2.0.1, and ColdFusion 7.0.2, 8.0, 8.0.1, and 9.0, allows remote attackers to obtain sensitive information via vectors that are associated with a request, and related to injected tags and external entity references in XML documents.",6.5,NETWORK,LOW,NONE,REQUIRED,UNCHANGED,HIGH,NONE,NONE
CVE-2009-4004,2009-11-20T02:30Z,2024-11-21T01:08Z,Buffer overflow in the kvm_vcpu_ioctl_x86_setup_mce function in arch/x86/kvm/x86.c in the KVM subsystem in the Linux kernel before 2.6.32-rc7 allows local users to cause a denial of service (memory corruption) or possibly gain privileges via a KVM_X86_SETUP_MCE IOCTL request that specifies a large number of Machine Check Exception (MCE) banks.,7.8,LOCAL,LOW,LOW,NONE,UNCHANGED,HIGH,HIGH,HIGH
CVE-2009-4011,2019-11-09T03:15Z,2024-11-21T01:08Z,"dtc-xen 0.5.x before 0.5.4 suffers from a race condition where an attacker could potentially get a bash access as xenXX user on the dom0, and then access a potentially reuse an already opened VPS console.",8.1,NETWORK,HIGH,NONE,NONE,UNCHANGED,HIGH,HIGH,HIGH
CVE-2009-4013,2010-02-02T16:30Z,2024-11-21T01:08Z,"Multiple directory traversal vulnerabilities in Lintian 1.23.x through 1.23.28, 1.24.x through 1.24.2.1, and 2.x before 2.3.2 allow remote attackers to overwrite arbitrary files or obtain sensitive information via vectors involving (1) control field names, (2) control field values, and (3) control files of patch systems.",9.8,NETWORK,LOW,NONE,NONE,UNCHANGED,HIGH,HIGH,HIGH
CVE-2009-4053,2009-11-23T17:30Z,2024-11-21T01:08Z,Multiple directory traversal vulnerabilities in Home FTP Server 1.10.1.139 allow remote authenticated users to (1) create arbitrary directories via directory traversal sequences in an MKD command or (2) create files with any contents in arbitrary directories via directory traversal sequences in a file upload request.  NOTE: the provenance of this information is unknown; the details are obtained solely from third party information.,6.5,NETWORK,LOW,LOW,NONE,UNCHANGED,HIGH,NONE,NONE
CVE-2009-4067,2020-02-11T19:15Z,2024-11-21T01:08Z,"Buffer overflow in the auerswald_probe function in the Auerswald Linux USB driver for the Linux kernel before 2.6.27 allows physically proximate attackers to execute arbitrary code, cause a denial of service via a crafted USB device, or take full control of the system.",6.8,PHYSICAL,LOW,NONE,NONE,UNCHANGED,HIGH,HIGH,HIGH
CVE-2009-4123,2023-12-12T16:15Z,2024-11-21T01:08Z,The jruby-openssl gem before 0.6 for JRuby mishandles SSL certificate validation.,7.5,NETWORK,LOW,NONE,NONE,UNCHANGED,HIGH,NONE,NONE
CVE-2009-4194,2009-12-03T19:30Z,2024-11-21T01:09Z,"Directory traversal vulnerability in Golden FTP Server 4.30 Free and Professional, 4.50, and possibly other versions allows remote authenticated users to delete arbitrary files via a .. (dot dot) in the DELE command.  NOTE: some of these details are obtained from third party information.",8.1,NETWORK,LOW,LOW,NONE,UNCHANGED,NONE,HIGH,HIGH
CVE-2009-4267,2018-02-19T16:29Z,2024-11-21T01:09Z,"The console in Apache jUDDI 3.0.0 does not properly escape line feeds, which allows remote authenticated users to spoof log entries via the numRows parameter.",6.5,NETWORK,LOW,LOW,NONE,UNCHANGED,NONE,HIGH,NONE
CVE-2009-4272,2010-01-27T17:30Z,2024-11-21T01:09Z,"A certain Red Hat patch for net/ipv4/route.c in the Linux kernel 2.6.18 on Red Hat Enterprise Linux (RHEL) 5 allows remote attackers to cause a denial of service (deadlock) via crafted packets that force collisions in the IPv4 routing hash table, and trigger a routing ""emergency"" in which a hash chain is too long.  NOTE: this is related to an issue in the Linux kernel before 2.6.31, when the kernel routing cache is disabled, involving an uninitialized pointer and a panic.",7.5,NETWORK,LOW,NONE,NONE,UNCHANGED,NONE,NONE,HIGH
CVE-2009-4324,2009-12-15T02:30Z,2024-12-19T18:07Z,"Use-after-free vulnerability in the Doc.media.newPlayer method in Multimedia.api in Adobe Reader and Acrobat 9.x before 9.3, and 8.x before 8.2 on Windows and Mac OS X, allows remote attackers to execute arbitrary code via a crafted PDF file using ZLib compressed streams, as exploited in the wild in December 2009.",7.8,LOCAL,LOW,NONE,REQUIRED,UNCHANGED,HIGH,HIGH,HIGH
CVE-2009-4449,2009-12-29T20:41Z,2024-11-21T01:09Z,"Directory traversal vulnerability in MyBB (aka MyBulletinBoard) 1.4.10, and possibly earlier versions, when changing the user avatar from the gallery, allows remote authenticated users to determine the existence of files via directory traversal sequences in the avatar and possibly the gallery parameters, related to (1) admin/modules/user/users.php and (2) usercp.php.",6.5,NETWORK,LOW,LOW,NONE,UNCHANGED,HIGH,NONE,NONE
CVE-2009-4581,2010-01-06T22:00Z,2024-11-21T01:09Z,"Directory traversal vulnerability in modules/admincp.php in RoseOnlineCMS 3 B1 and earlier, when magic_quotes_gpc is disabled, allows remote attackers to include and execute arbitrary local files via directory traversal sequences in the admin parameter.",9.8,NETWORK,LOW,NONE,NONE,UNCHANGED,HIGH,HIGH,HIGH
CVE-2009-4895,2010-09-08T20:00Z,2024-11-21T01:10Z,"Race condition in the tty_fasync function in drivers/char/tty_io.c in the Linux kernel before 2.6.32.6 allows local users to cause a denial of service (NULL pointer dereference and system crash) or possibly have unspecified other impact via unknown vectors, related to the put_tty_queue and __f_setown functions.  NOTE: the vulnerability was addressed in a different way in 2.6.32.9.",4.7,LOCAL,HIGH,LOW,NONE,UNCHANGED,NONE,NONE,HIGH
CVE-2009-4899,2019-10-28T15:15Z,2024-11-21T01:10Z,pixelpost 1.7.1 has SQL injection,9.8,NETWORK,LOW,NONE,NONE,UNCHANGED,HIGH,HIGH,HIGH
CVE-2009-4900,2019-10-28T15:15Z,2024-11-21T01:10Z,pixelpost 1.7.1 has XSS,6.1,NETWORK,LOW,NONE,REQUIRED,CHANGED,LOW,LOW,NONE
CVE-2009-5004,2019-11-09T04:15Z,2024-11-21T01:10Z,qpid-cpp 1.0 crashes when a large message is sent and the Digest-MD5 mechanism with a security layer is in use .,6.5,NETWORK,LOW,LOW,NONE,UNCHANGED,NONE,NONE,HIGH
CVE-2009-5025,2020-01-15T21:15Z,2024-11-21T01:11Z,A backdoor (aka BMSA-2009-07) was found in PyForum v1.0.3 where an attacker who knows a valid user email could force a password reset on behalf of that user.,7.5,NETWORK,LOW,NONE,NONE,UNCHANGED,NONE,HIGH,NONE
CVE-2009-5041,2019-10-31T16:15Z,2024-11-21T01:11Z,overkill has buffer overflow via long player names that can corrupt data on the server machine,9.8,NETWORK,LOW,NONE,NONE,UNCHANGED,HIGH,HIGH,HIGH
CVE-2009-5042,2019-10-31T16:15Z,2024-11-21T01:11Z,python-docutils allows insecure usage of temporary files,9.1,NETWORK,LOW,NONE,NONE,UNCHANGED,HIGH,HIGH,NONE
CVE-2009-5043,2019-10-31T16:15Z,2024-11-21T01:11Z,burn allows file names to escape via mishandled quotation marks,9.8,NETWORK,LOW,NONE,NONE,UNCHANGED,HIGH,HIGH,HIGH
CVE-2009-5045,2019-11-06T20:15Z,2024-11-21T01:11Z,Dump Servlet information leak in jetty before 6.1.22.,7.5,NETWORK,LOW,NONE,NONE,UNCHANGED,HIGH,NONE,NONE
CVE-2009-5046,2019-11-06T20:15Z,2024-11-21T01:11Z,JSP Dump and Session Dump Servlet XSS in jetty before 6.1.22.,6.1,NETWORK,LOW,NONE,REQUIRED,CHANGED,LOW,LOW,NONE
CVE-2009-5048,2019-11-06T19:15Z,2024-11-21T01:11Z,Cookie Dump Servlet stored XSS vulnerability in jetty though 6.1.20.,6.1,NETWORK,LOW,NONE,REQUIRED,CHANGED,LOW,LOW,NONE
CVE-2009-5049,2019-11-06T19:15Z,2024-11-21T01:11Z,WebApp JSP Snoop page XSS in jetty though 6.1.21.,6.1,NETWORK,LOW,NONE,REQUIRED,CHANGED,LOW,LOW,NONE
CVE-2009-5050,2019-11-06T19:15Z,2024-11-21T01:11Z,konversation before 1.2.3 allows attackers to cause a denial of service.,7.5,NETWORK,LOW,NONE,NONE,UNCHANGED,NONE,NONE,HIGH
CVE-2009-5068,2020-01-15T21:15Z,2024-11-21T01:11Z,"There is a file disclosure vulnerability in SMF (Simple Machines Forum) affecting versions through v2.0.3. On some configurations a SMF deployment is shared by several ""co-admins"" that are not trusted beyond the SMF deployment. This vulnerability allows them to read arbitrary files on the filesystem and therefore gain new privileges by reading the settings.php with the database passwords.",7.2,NETWORK,LOW,HIGH,NONE,UNCHANGED,HIGH,HIGH,HIGH
CVE-2009-5078,2011-06-30T15:55Z,2024-11-21T01:11Z,"contrib/pdfmark/pdfroff.sh in GNU troff (aka groff) before 1.21 launches the Ghostscript program without the -dSAFER option, which allows remote attackers to create, overwrite, rename, or delete arbitrary files via a crafted document.",6.5,NETWORK,LOW,NONE,NONE,UNCHANGED,NONE,LOW,LOW
CVE-2009-5139,2020-02-12T14:15Z,2024-11-21T01:11Z,"The SIP implementation on the Gizmo5 software phone provides hashed credentials in a response to an invalid authentication challenge, which makes it easier for remote attackers to obtain access via a brute-force attack, related to a ""SIP Digest Leak"" issue.",7.5,NETWORK,HIGH,NONE,REQUIRED,UNCHANGED,HIGH,HIGH,HIGH
CVE-2009-5140,2020-02-12T14:15Z,2024-11-21T01:11Z,"The SIP implementation on the Linksys SPA2102 phone adapter provides hashed credentials in a response to an invalid authentication challenge, which makes it easier for remote attackers to obtain access via a brute-force attack, related to a ""SIP Digest Leak"" issue.",8.8,NETWORK,LOW,NONE,REQUIRED,UNCHANGED,HIGH,HIGH,HIGH
CVE-2009-5144,2018-02-03T15:29Z,2024-11-21T01:11Z,"mod-gnutls does not validate client certificates when ""GnuTLSClientVerify require"" is set in a directory context, which allows remote attackers to spoof clients via a crafted certificate.",7.5,NETWORK,LOW,NONE,NONE,UNCHANGED,NONE,HIGH,NONE
CVE-2009-5145,2017-08-07T17:29Z,2024-11-21T01:11Z,"Cross-site scripting (XSS) vulnerability in ZMI pages that use the manage_tabs_message in Zope 2.11.4, 2.11.2, 2.10.9, 2.10.7, 2.10.6, 2.10.5, 2.10.4, 2.10.2, 2.10.1, 2.12.",6.1,NETWORK,LOW,NONE,REQUIRED,CHANGED,LOW,LOW,NONE
CVE-2009-5147,2017-03-29T14:59Z,2024-11-21T01:11Z,"DL::dlopen in Ruby 1.8, 1.9.0, 1.9.2, 1.9.3, 2.0.0 before patchlevel 648, and 2.1 before 2.1.8 opens libraries with tainted names.",7.3,NETWORK,LOW,NONE,NONE,UNCHANGED,LOW,LOW,LOW
CVE-2009-5150,2018-05-11T19:29Z,2024-11-21T01:11Z,"Absolute Computrace Agent V80.845 and V80.866 does not have a digital signature for the configuration block, which allows attackers to set up communication with a web site other than the intended search.namequery.com site by modifying data within a disk's inter-partition space. This allows a privileged local user to execute arbitrary code even after that user loses access and all disk partitions are reformatted.",6.7,LOCAL,LOW,HIGH,NONE,UNCHANGED,HIGH,HIGH,HIGH
CVE-2009-5151,2018-05-11T19:29Z,2024-11-21T01:11Z,"The stub component of Absolute Computrace Agent V70.785 executes code from a disk's inter-partition space without requiring a digital signature for that code, which allows attackers to execute code on the BIOS. This allows a privileged local user to achieve persistent control of BIOS behavior, independent of later disk changes.",6.7,LOCAL,LOW,HIGH,NONE,UNCHANGED,HIGH,HIGH,HIGH
CVE-2009-5152,2018-05-11T19:29Z,2024-11-21T01:11Z,"Absolute Computrace Agent, as distributed on certain Dell Inspiron systems through 2009, has a race condition with the Dell Client Configuration Utility (DCCU), which allows privileged local users to change Computrace Agent's activation/deactivation status to the factory default via a crafted TaskResult.xml file.",4.1,LOCAL,HIGH,HIGH,NONE,UNCHANGED,NONE,HIGH,NONE
CVE-2009-5153,2018-11-21T15:29Z,2024-11-21T01:11Z,"In Novell NetWare before 6.5 SP8, a stack buffer overflow in processing of CALLIT RPC calls in the NFS Portmapper daemon in PKERNEL.NLM allowed remote unauthenticated attackers to execute code, because a length field was incorrectly trusted.",9.8,NETWORK,LOW,NONE,NONE,UNCHANGED,HIGH,HIGH,HIGH
CVE-2009-5154,2019-02-09T22:29Z,2024-11-21T01:11Z,An issue was discovered on MOBOTIX S14 MX-V4.2.1.61 devices. There is a default password of meinsm for the admin account.,9.8,NETWORK,LOW,NONE,NONE,UNCHANGED,HIGH,HIGH,HIGH
CVE-2009-5155,2019-02-26T02:29Z,2024-11-21T01:11Z,"In the GNU C Library (aka glibc or libc6) before 2.28, parse_reg_exp in posix/regcomp.c misparses alternatives, which allows attackers to cause a denial of service (assertion failure and application exit) or trigger an incorrect result by attempting a regular-expression match.",7.5,NETWORK,LOW,NONE,NONE,UNCHANGED,NONE,NONE,HIGH
CVE-2009-5156,2019-06-11T21:29Z,2024-11-21T01:11Z,An issue was discovered on ASMAX AR-804gu 66.34.1 devices. There is Command Injection via the cgi-bin/script query string.,9.8,NETWORK,LOW,NONE,NONE,UNCHANGED,HIGH,HIGH,HIGH
CVE-2009-5157,2019-06-11T21:29Z,2024-11-21T01:11Z,"On Linksys WAG54G2 1.00.10 devices, there is authenticated command injection via shell metacharacters in the setup.cgi c4_ping_ipaddr variable.",8.8,NETWORK,LOW,LOW,NONE,UNCHANGED,HIGH,HIGH,HIGH
CVE-2009-5158,2019-08-22T13:15Z,2024-11-21T01:11Z,The google-analyticator plugin before 5.2.1 for WordPress has insufficient HTML sanitization for Google Analytics API text.,6.1,NETWORK,LOW,NONE,REQUIRED,CHANGED,LOW,LOW,NONE
CVE-2009-5159,2020-03-13T15:15Z,2024-11-21T01:11Z,"Invision Power Board (aka IPB or IP.Board) 2.x through 3.0.4, when Internet Explorer 5 is used, allows XSS via a .txt attachment.",6.1,NETWORK,LOW,NONE,REQUIRED,CHANGED,LOW,LOW,NONE
